teaherID,userID,teacherFName,teacherLName,phoneNo,address,password
76707,c001,Buddy,Cloney,804-762-9576,393 Lafayette Ave,c001
37211,c002,Dalene,Riden,706-221-4243,99 5th Ave #33,c002
53216,c003,Jerry,Zurcher,337-515-1438,49 N Mays St,c003
21655,c004,Haydee,Denooyer,973-544-2677,993 Washington Ave,c004
75061,c005,Joseph,Cryer,607-407-3716,88 15th Ave Ne,c005
90212,c006,Deonna,Kippley,973-412-2995,3381 E 40th Ave,c006
11758,c007,Raymon,Calvaresi,208-252-4552,201 Ridgewood Rd,c007
58401,c008,Alecia,Bubash,415-411-1775,39 Moccasin Dr,c008
45203,c009,Ma,Layous,508-942-4186,4 Carroll St,c009
97401,c010,Detra,Coyier,248-357-8718,9581 E Arapahoe Rd,c010
27577,c011,Terrilyn,Rodeigues,920-353-6377,33 N Michigan Ave,c011
10002,c012,Salome,Lacovara,410-665-4903,2 S Biscayne Blvd,c012
85017,c013,Garry,Keetch,719-669-1664,8 Us Highway 22,c013
46240,c014,Matthew,Neither,419-588-8719,7422 Martin Ave #8,c014
13214,c015,Theodora,Restrepo,301-998-9644,94 Chase Rd,c015
28002,c016,Noah,Kalafatis,508-855-9887,8139 I Hwy 10 #92,c016
11530,c017,Carmen,Sweigard,703-483-1970,5 Cabot Rd,c017
72202,c018,Lavonda,Hengel,410-678-2473,3387 Ryan Dr,c018
55101,c019,Junita,Stoltzman,512-223-4791,3125 Packer Ave #9851,c019
10553,c020,Herminia,Nicolozakes,623-461-8551,347 Chestnut St,c020
